"","method","proposed.assignment","QP.assignment"
"1","log.likelihood",-177.93517510127,-177.93517510127
"2","euclidean",24.5033610763886,24.5033610763886
"3","manhattan",127.125528572585,127.125528572585
"4","cosine",0.945807382540013,0.945807382540013
