"","method","proposed.assignment","QP.assignment"
"1","log.likelihood",-199.905344840595,-199.905344840595
"2","euclidean",39.325209189585,39.325209189585
"3","manhattan",183.556982948854,183.556982948854
"4","cosine",0.897892725863198,0.897892725863198
