"","method","proposed.assignment","QP.assignment"
"1","log.likelihood",-151.189046704401,-151.189046704401
"2","euclidean",11.8349993065854,11.8349993065854
"3","manhattan",84.9770572599689,84.9770572599689
"4","cosine",0.971880320206676,0.971880320206676
