"","method","proposed.assignment","QP.assignment"
"1","log.likelihood",-284.045800160512,-284.400986178331
"2","euclidean",38.2119629771383,31.9852978912379
"3","manhattan",224.082165091321,198.298759043284
"4","cosine",0.995668429757526,0.997026850051584
