"","method","proposed.assignment","QP.assignment"
"1","log.likelihood",-247.282524084991,-247.282524084991
"2","euclidean",78.1936300876796,78.1936300876796
"3","manhattan",308.980799382101,308.980799382101
"4","cosine",0.916340459163073,0.916340459163073
