"","method","proposed.assignment","QP.assignment"
"1","log.likelihood",-231.134834477593,-231.134834477593
"2","euclidean",57.317184523463,57.317184523463
"3","manhattan",307.366386808225,307.366386808225
"4","cosine",0.859181244293491,0.859181244293491
