"","method","proposed.assignment","QP.assignment"
"1","log.likelihood",-211.038030757079,-211.038030757079
"2","euclidean",37.369196437604,37.369196437604
"3","manhattan",189.293195647931,189.293195647931
"4","cosine",0.925893738462234,0.925893738462234
