"","method","proposed.assignment","QP.assignment"
"1","log.likelihood",-274.364375335971,-274.364375335971
"2","euclidean",93.793745678264,93.793745678264
"3","manhattan",452.229682876468,452.229682876468
"4","cosine",0.875644738439134,0.875644738439134
