"","method","proposed.assignment","QP.assignment"
"1","log.likelihood",-168.293292529936,-168.293292529936
"2","euclidean",19.0665775027475,19.0665775027475
"3","manhattan",94.5940128378937,94.5940128378937
"4","cosine",0.938592468023247,0.938592468023247
