"","method","proposed.assignment","QP.assignment"
"1","log.likelihood",-205.312311200599,-205.312311200599
"2","euclidean",33.2417932883615,33.2417932883615
"3","manhattan",184.482886103633,184.482886103633
"4","cosine",0.940033393989324,0.940033393989324
