"","method","proposed.assignment","QP.assignment"
"1","log.likelihood",-205.390776965441,-205.390776965441
"2","euclidean",32.452087360834,32.452087360834
"3","manhattan",188.554003789792,188.554003789792
"4","cosine",0.925670926765472,0.925670926765472
