"","method","proposed.assignment","QP.assignment"
"1","log.likelihood",-160.650986736284,-160.650986736284
"2","euclidean",24.0956229435535,24.0956229435535
"3","manhattan",123.705469397091,123.705469397091
"4","cosine",0.905634543657505,0.905634543657505
