"","method","proposed.assignment","QP.assignment"
"1","log.likelihood",-147.031302277839,-147.031302277839
"2","euclidean",16.4155723282433,16.4155723282433
"3","manhattan",97.2733390545032,97.2733390545032
"4","cosine",0.948156700707276,0.948156700707276
