"","method","proposed.assignment","QP.assignment"
"1","log.likelihood",-172.819210430532,-172.819210430532
"2","euclidean",17.7275806752029,17.7275806752029
"3","manhattan",117.286906883742,117.286906883742
"4","cosine",0.960683290103181,0.960683290103181
