"","method","proposed.assignment","QP.assignment"
"1","log.likelihood",-263.900890731283,-264.932707542727
"2","euclidean",42.9073783652889,34.0539294563681
"3","manhattan",234.356895363705,220.209051244512
"4","cosine",0.971741905682757,0.98185397960891
