"","method","proposed.assignment","QP.assignment"
"1","log.likelihood",-248.310116275747,-248.397695135282
"2","euclidean",25.6670476966283,24.8353346227896
"3","manhattan",175.088858477336,169.724389691339
"4","cosine",0.978799799179772,0.980212687225077
