"","method","proposed.assignment","QP.assignment"
"1","log.likelihood",-206.667096163548,-206.674699307646
"2","euclidean",14.7898294264271,14.7654107981356
"3","manhattan",106.025383883185,106.663619621647
"4","cosine",0.971047354234189,0.971061572074467
