"","method","proposed.assignment","QP.assignment"
"1","log.likelihood",-156.364487206213,-156.364487206213
"2","euclidean",15.985796856747,15.985796856747
"3","manhattan",113.92029153663,113.92029153663
"4","cosine",0.974790436929289,0.974790436929289
