"","method","proposed.assignment","QP.assignment"
"1","log.likelihood",-150.05651571548,-150.05651571548
"2","euclidean",14.1220552882693,14.1220552882693
"3","manhattan",92.8052775680132,92.8052775680132
"4","cosine",0.970464764432001,0.970464764432001
