"","method","proposed.assignment","QP.assignment"
"1","log.likelihood",-316.565630167205,-316.859136038937
"2","euclidean",40.7235123979808,37.0754242568863
"3","manhattan",254.306159161009,240.972320295726
"4","cosine",0.989633990135976,0.991146239597393
