"","method","proposed.assignment","QP.assignment"
"1","log.likelihood",-140.436606941105,-140.436606941105
"2","euclidean",14.4721303933803,14.4721303933803
"3","manhattan",83.0080091974691,83.0080091974691
"4","cosine",0.968738368068046,0.968738368068046
