"","method","proposed.assignment","QP.assignment"
"1","log.likelihood",-239.393970941067,-239.482383869197
"2","euclidean",28.5398604191015,27.3728416015244
"3","manhattan",166.232372988086,157.954831186131
"4","cosine",0.991469025169753,0.992529389796032
