"","method","proposed.assignment","QP.assignment"
"1","log.likelihood",-155.289988123511,-155.289988123511
"2","euclidean",25.7221713786843,25.7221713786843
"3","manhattan",125.136996079147,125.136996079147
"4","cosine",0.888441510677943,0.888441510677943
