"","method","proposed.assignment","QP.assignment"
"1","log.likelihood",-124.132708227176,-124.132708227176
"2","euclidean",10.3545463328229,10.3545463328229
"3","manhattan",54.6349044473312,54.6349044473312
"4","cosine",0.977891595830096,0.977891595830096
