"","method","proposed.assignment","QP.assignment"
"1","log.likelihood",-287.467437933485,-287.739652351555
"2","euclidean",41.6139160770284,36.5069201094147
"3","manhattan",229.185690258409,210.038281214576
"4","cosine",0.987572310301502,0.991420266585031
