"","method","proposed.assignment","QP.assignment"
"1","log.likelihood",-209.319084131051,-209.319084131051
"2","euclidean",28.3395877397701,28.3395877397701
"3","manhattan",171.463341944863,171.463341944863
"4","cosine",0.924263968675871,0.924263968675871
