"","method","proposed.assignment","QP.assignment"
"1","log.likelihood",-145.568406253008,-145.568406253008
"2","euclidean",20.2885445965338,20.2885445965338
"3","manhattan",106.566270779937,106.566270779937
"4","cosine",0.952091578514472,0.952091578514472
