"","method","proposed.assignment","QP.assignment"
"1","log.likelihood",-229.650405161736,-229.650405161736
"2","euclidean",44.1432484454159,44.1432484454159
"3","manhattan",229.433769672054,229.433769672054
"4","cosine",0.903928182379005,0.903928182379005
