"","method","proposed.assignment","QP.assignment"
"1","log.likelihood",-152.989835551953,-152.989835551953
"2","euclidean",14.6343534982224,14.6343534982224
"3","manhattan",91.5981713961388,91.5981713961388
"4","cosine",0.983586138123896,0.983586138123896
