"","method","proposed.assignment","QP.assignment"
"1","log.likelihood",-192.768589401941,-192.768589401941
"2","euclidean",19.6785097867751,19.6785097867751
"3","manhattan",124.653747529434,124.653747529434
"4","cosine",0.977702553231852,0.977702553231852
