"","method","proposed.assignment","QP.assignment"
"1","log.likelihood",-318.512921606044,-318.525938034958
"2","euclidean",35.0412840318549,34.8364475802761
"3","manhattan",229.94637156525,226.975142665187
"4","cosine",0.991556604352447,0.991679052338676
