"","method","proposed.assignment","QP.assignment"
"1","log.likelihood",-193.038256416474,-193.058788759283
"2","euclidean",18.6781200354996,18.5549806618408
"3","manhattan",123.972845110258,124.359516367158
"4","cosine",0.965629775674482,0.96575348512121
