"","method","proposed.assignment","QP.assignment"
"1","log.likelihood",-220.892603393423,-221.05528427864
"2","euclidean",20.2413158993501,19.1968330140154
"3","manhattan",140.138640479191,138.789261371365
"4","cosine",0.97928529391186,0.979383582535954
