"","method","proposed.assignment","QP.assignment"
"1","log.likelihood",-231.730504445596,-231.926243134989
"2","euclidean",23.9705407809648,21.6808836937372
"3","manhattan",158.395279260443,149.686112222995
"4","cosine",0.976420486168717,0.980741911044786
