"","method","proposed.assignment","QP.assignment"
"1","log.likelihood",-157.721519926572,-157.721519926572
"2","euclidean",13.143284444804,13.143284444804
"3","manhattan",87.0027684595458,87.0027684595458
"4","cosine",0.9751347455466,0.9751347455466
