"","method","proposed.assignment","QP.assignment"
"1","log.likelihood",-196.55978174144,-197.080707413278
"2","euclidean",20.666283178337,17.2352475189801
"3","manhattan",109.283466126001,105.955164156921
"4","cosine",0.968087527271815,0.97775252454025
