"","method","proposed.assignment","QP.assignment"
"1","log.likelihood",-150.106026413723,-150.106026413723
"2","euclidean",15.1544341106255,15.1544341106255
"3","manhattan",105.91009812165,105.91009812165
"4","cosine",0.969671467458159,0.969671467458159
