"","method","proposed.assignment","QP.assignment"
"1","log.likelihood",-194.430332990607,-195.732013696688
"2","euclidean",20.8276979084869,12.8510986871306
"3","manhattan",117.007774458925,95.0232489712768
"4","cosine",0.966762182111987,0.986805995431264
