"","method","proposed.assignment","QP.assignment"
"1","log.likelihood",-137.027506678073,-137.027506678073
"2","euclidean",11.8925914183301,11.8925914183301
"3","manhattan",66.1148351727042,66.1148351727042
"4","cosine",0.982895467654505,0.982895467654505
