"","method","proposed.assignment","QP.assignment"
"1","log.likelihood",-176.004699826079,-176.004699826079
"2","euclidean",21.2421503697626,21.2421503697626
"3","manhattan",137.534129844201,137.534129844201
"4","cosine",0.945380671907993,0.945380671907993
