"","method","proposed.assignment","QP.assignment"
"1","log.likelihood",-249.304454029773,-249.304941031346
"2","euclidean",18.1178825769626,18.1106511498987
"3","manhattan",121.299240523418,121.307653326806
"4","cosine",0.986472292010651,0.986487719307192
