"","method","proposed.assignment","QP.assignment"
"1","log.likelihood",-203.479492573686,-204.623385954274
"2","euclidean",31.5798459826393,23.9004445842454
"3","manhattan",172.717710288208,144.537149078359
"4","cosine",0.970542812119164,0.982855800048438
