"","method","proposed.assignment","QP.assignment"
"1","log.likelihood",-147.750724008317,-147.750724008317
"2","euclidean",15.6703572819738,15.6703572819738
"3","manhattan",85.024569849169,85.024569849169
"4","cosine",0.962577130526253,0.962577130526253
