"","method","proposed.assignment","QP.assignment"
"1","log.likelihood",-166.776774331142,-166.776774331142
"2","euclidean",18.4316457005018,18.4316457005018
"3","manhattan",106.756812795347,106.756812795347
"4","cosine",0.959333763964127,0.959333763964127
