"","method","proposed.assignment","QP.assignment"
"1","log.likelihood",-316.597698144472,-316.614658201989
"2","euclidean",61.4916395992222,61.138820640104
"3","manhattan",288.940831990401,289.158580951566
"4","cosine",0.994193561312084,0.994297292786395
