"","method","proposed.assignment","QP.assignment"
"1","log.likelihood",-324.251258410512,-324.251258410512
"2","euclidean",82.3770081493138,82.3770081493138
"3","manhattan",396.330816745808,396.330816745808
"4","cosine",0.995691695690925,0.995691695690925
