"","method","proposed.assignment","QP.assignment"
"1","log.likelihood",-138.060761969076,-138.060761969076
"2","euclidean",11.6375768062612,11.6375768062612
"3","manhattan",66.3934512956322,66.3934512956322
"4","cosine",0.973482494337316,0.973482494337316
