"","method","proposed.assignment","QP.assignment"
"1","log.likelihood",-143.477888826556,-143.477888826556
"2","euclidean",10.4518370085899,10.4518370085899
"3","manhattan",76.0021075126449,76.0021075126449
"4","cosine",0.980714180089176,0.980714180089176
