"","method","proposed.assignment","QP.assignment"
"1","log.likelihood",-133.668529327164,-133.668529327164
"2","euclidean",9.115955258369,9.115955258369
"3","manhattan",44.9002918403583,44.9002918403583
"4","cosine",0.989564302524695,0.989564302524695
