"","method","proposed.assignment","QP.assignment"
"1","log.likelihood",-266.056646234558,-266.06429081055
"2","euclidean",36.6499596229802,36.4815363325952
"3","manhattan",231.435008806242,229.677200187189
"4","cosine",0.985026945471403,0.985305725167173
