"","method","proposed.assignment","QP.assignment"
"1","log.likelihood",-227.141247162172,-227.256058150754
"2","euclidean",14.2622581531236,13.381772150235
"3","manhattan",101.881783122748,97.4728230355234
"4","cosine",0.982082516151695,0.984095680495792
