"","method","proposed.assignment","QP.assignment"
"1","log.likelihood",-161.490501324633,-161.490501324633
"2","euclidean",18.5433772746003,18.5433772746003
"3","manhattan",113.832961401902,113.832961401902
"4","cosine",0.964753333055378,0.964753333055378
