"","method","proposed.assignment","QP.assignment"
"1","log.likelihood",-155.194745517651,-155.194745517651
"2","euclidean",14.8738335287027,14.8738335287027
"3","manhattan",98.5816440221122,98.5816440221122
"4","cosine",0.966299463820782,0.966299463820782
