"","method","proposed.assignment","QP.assignment"
"1","log.likelihood",-237.314316192702,-237.430707778171
"2","euclidean",22.9452083461974,21.5251431660468
"3","manhattan",156.936623640793,149.982613182835
"4","cosine",0.982203127395955,0.984156583138366
