"","method","proposed.assignment","QP.assignment"
"1","log.likelihood",-165.918966835464,-165.918966835464
"2","euclidean",16.6526248517335,16.6526248517335
"3","manhattan",102.499665316399,102.499665316399
"4","cosine",0.962523966363136,0.962523966363136
