"","method","proposed.assignment","QP.assignment"
"1","log.likelihood",-122.84069075176,-122.84069075176
"2","euclidean",7.59530267353041,7.59530267353041
"3","manhattan",42.0393387365189,42.0393387365189
"4","cosine",0.990125034329022,0.990125034329022
