"","method","proposed.assignment","QP.assignment"
"1","log.likelihood",-188.390805035763,-188.390805035763
"2","euclidean",22.4416794486043,22.4416794486043
"3","manhattan",132.495127395137,132.495127395137
"4","cosine",0.969371772624445,0.969371772624445
