"","method","proposed.assignment","QP.assignment"
"1","log.likelihood",-143.387551148426,-143.387551148426
"2","euclidean",16.8808420814045,16.8808420814045
"3","manhattan",94.9219572708266,94.9219572708266
"4","cosine",0.972604428796267,0.972604428796267
