"","method","proposed.assignment","QP.assignment"
"1","log.likelihood",-210.117294331799,-210.117294331799
"2","euclidean",38.9313031464545,38.9313031464545
"3","manhattan",207.458434284411,207.458434284411
"4","cosine",0.896192247484364,0.896192247484364
