"","method","proposed.assignment","QP.assignment"
"1","log.likelihood",-355.045441099464,-355.149378963458
"2","euclidean",61.4261230005741,58.6563759319295
"3","manhattan",385.942828006242,365.502426481834
"4","cosine",0.997885249088818,0.998012755930439
