"","method","proposed.assignment","QP.assignment"
"1","log.likelihood",-212.253112646396,-212.253112646396
"2","euclidean",25.7259567135039,25.7259567135039
"3","manhattan",132.457025117288,132.457025117288
"4","cosine",0.948462747748145,0.948462747748145
