"","method","proposed.assignment","QP.assignment"
"1","log.likelihood",-157.437133561283,-157.437133561283
"2","euclidean",14.3025856506948,14.3025856506948
"3","manhattan",76.823993031747,76.823993031747
"4","cosine",0.9765295963696,0.9765295963696
