"","method","proposed.assignment","QP.assignment"
"1","log.likelihood",-158.307662786756,-158.307662786756
"2","euclidean",14.6604288898936,14.6604288898936
"3","manhattan",89.3764501563212,89.3764501563212
"4","cosine",0.974243062549975,0.974243062549975
