"","method","proposed.assignment","QP.assignment"
"1","log.likelihood",-339.592108218033,-339.592108218033
"2","euclidean",97.5679378630423,97.5679378630423
"3","manhattan",447.694568174511,447.694568174511
"4","cosine",0.996629570765561,0.996629570765561
