"","method","proposed.assignment","QP.assignment"
"1","log.likelihood",-180.670013187268,-180.813093104974
"2","euclidean",15.4902681401708,15.1318315543826
"3","manhattan",106.534189345729,104.082375386492
"4","cosine",0.960779496913553,0.962777676044366
