"","method","proposed.assignment","QP.assignment"
"1","log.likelihood",-206.21215119296,-206.21215119296
"2","euclidean",45.0131098302462,45.0131098302462
"3","manhattan",221.444697725008,221.444697725008
"4","cosine",0.845206693154719,0.845206693154719
