"","method","proposed.assignment","QP.assignment"
"1","log.likelihood",-171.341752606126,-171.341752606126
"2","euclidean",16.0950381902088,16.0950381902088
"3","manhattan",115.151173390354,115.151173390354
"4","cosine",0.972699633208656,0.972699633208656
