"","method","proposed.assignment","QP.assignment"
"1","log.likelihood",-214.470875331169,-214.888652487998
"2","euclidean",20.8489742133925,17.3741520628033
"3","manhattan",146.949915947913,131.620904585083
"4","cosine",0.965459019839016,0.97576508273273
