"","method","proposed.assignment","QP.assignment"
"1","log.likelihood",-149.687311798339,-149.687311798339
"2","euclidean",14.9754196039275,14.9754196039275
"3","manhattan",100.121355631973,100.121355631973
"4","cosine",0.970875951517602,0.970875951517602
