"","method","proposed.assignment","QP.assignment"
"1","log.likelihood",-199.091433632833,-199.091433632833
"2","euclidean",39.064297786659,39.064297786659
"3","manhattan",216.121907659363,216.121907659363
"4","cosine",0.885832004085433,0.885832004085433
