"","method","proposed.assignment","QP.assignment"
"1","log.likelihood",-180.244477185666,-180.244477185666
"2","euclidean",17.625024844197,17.625024844197
"3","manhattan",84.0237551242874,84.0237551242874
"4","cosine",0.984269100376261,0.984269100376261
