"","method","proposed.assignment","QP.assignment"
"1","log.likelihood",-291.124869216751,-291.165371178477
"2","euclidean",30.4456427587564,29.5116737598402
"3","manhattan",163.807899351621,164.035543946757
"4","cosine",0.991201280256936,0.991668849130899
