"","method","proposed.assignment","QP.assignment"
"1","log.likelihood",-232.546431337401,-232.546431337401
"2","euclidean",53.2997852570962,53.2997852570962
"3","manhattan",269.429147779556,269.429147779556
"4","cosine",0.9072231219929,0.9072231219929
