"","method","proposed.assignment","QP.assignment"
"1","log.likelihood",-130.76903993901,-130.76903993901
"2","euclidean",9.20456868768102,9.20456868768102
"3","manhattan",52.5520077536959,52.5520077536959
"4","cosine",0.983942441951521,0.983942441951521
