"","method","proposed.assignment","QP.assignment"
"1","log.likelihood",-283.855881755532,-283.922443939933
"2","euclidean",35.2737062219628,34.4728926479936
"3","manhattan",221.266754180919,215.169688706704
"4","cosine",0.994342202287084,0.994760185217326
