"","method","proposed.assignment","QP.assignment"
"1","log.likelihood",-178.883988958087,-178.883988958087
"2","euclidean",39.4360192256141,39.4360192256141
"3","manhattan",184.946144531533,184.946144531533
"4","cosine",0.91433364311452,0.91433364311452
