"","method","proposed.assignment","QP.assignment"
"1","log.likelihood",-156.859533599815,-156.859533599815
"2","euclidean",17.3639387822565,17.3639387822565
"3","manhattan",106.957366372705,106.957366372705
"4","cosine",0.956618976383381,0.956618976383381
