"","method","proposed.assignment","QP.assignment"
"1","log.likelihood",-142.818496240891,-142.818496240891
"2","euclidean",11.560935205403,11.560935205403
"3","manhattan",66.7143385232702,66.7143385232702
"4","cosine",0.987857887159477,0.987857887159477
