"","method","proposed.assignment","QP.assignment"
"1","log.likelihood",-149.539166179855,-149.539166179855
"2","euclidean",7.7482740740957,7.7482740740957
"3","manhattan",44.9825472239457,44.9825472239457
"4","cosine",0.993636474435934,0.993636474435934
