"","method","proposed.assignment","QP.assignment"
"1","log.likelihood",-185.349835415852,-185.611088808431
"2","euclidean",13.2144836781144,12.4571301987658
"3","manhattan",94.7839516291263,92.7136391526905
"4","cosine",0.96050603317612,0.964438472931817
