"","method","proposed.assignment","QP.assignment"
"1","log.likelihood",-190.795759564618,-190.795759564618
"2","euclidean",37.7302287502147,37.7302287502147
"3","manhattan",188.786289368382,188.786289368382
"4","cosine",0.897691321379467,0.897691321379467
