"","method","proposed.assignment","QP.assignment"
"1","log.likelihood",-323.52052261092,-323.520537133766
"2","euclidean",47.0472498153861,47.0470640458238
"3","manhattan",285.609261402422,285.694268044609
"4","cosine",0.993241345451521,0.993242068648028
