"","method","proposed.assignment","QP.assignment"
"1","log.likelihood",-207.79389689101,-207.79389689101
"2","euclidean",19.6278644183696,19.6278644183696
"3","manhattan",131.563781156039,131.563781156039
"4","cosine",0.98227654927724,0.98227654927724
