"","method","proposed.assignment","QP.assignment"
"1","log.likelihood",-224.218050507089,-224.522708177199
"2","euclidean",25.0530847658963,23.6063707850786
"3","manhattan",138.305708080227,139.572688258347
"4","cosine",0.991363808907004,0.992223630292096
