"","method","proposed.assignment","QP.assignment"
"1","log.likelihood",-144.397577129697,-144.397577129697
"2","euclidean",9.84373765977292,9.84373765977292
"3","manhattan",65.293074516496,65.293074516496
"4","cosine",0.987654660255146,0.987654660255146
