"","method","proposed.assignment","QP.assignment"
"1","log.likelihood",-254.739158263386,-254.739158263386
"2","euclidean",81.2467126153527,81.2467126153527
"3","manhattan",376.051598772712,376.051598772712
"4","cosine",0.842123600659163,0.842123600659163
