"","method","proposed.assignment","QP.assignment"
"1","log.likelihood",-142.606113020637,-142.606113020637
"2","euclidean",15.8169741828186,15.8169741828186
"3","manhattan",88.8607738247717,88.8607738247717
"4","cosine",0.97250237843932,0.97250237843932
