"","method","proposed.assignment","QP.assignment"
"1","log.likelihood",-171.523583415341,-171.523583415341
"2","euclidean",14.6694706884372,14.6694706884372
"3","manhattan",102.330859337391,102.330859337391
"4","cosine",0.973811862371151,0.973811862371151
