"","method","proposed.assignment","QP.assignment"
"1","log.likelihood",-314.54338245957,-314.543990148233
"2","euclidean",82.364656549803,82.361037490532
"3","manhattan",451.217317685745,449.097821624632
"4","cosine",0.970107998254998,0.970166275947522
