"","method","proposed.assignment","QP.assignment"
"1","log.likelihood",-141.21444367788,-141.21444367788
"2","euclidean",14.1759132049688,14.1759132049688
"3","manhattan",86.6460798198313,86.6460798198313
"4","cosine",0.877424432972469,0.877424432972469
