"","method","proposed.assignment","QP.assignment"
"1","log.likelihood",-142.509458498509,-142.509458498509
"2","euclidean",12.9084784663316,12.9084784663316
"3","manhattan",73.8552510868328,73.8552510868328
"4","cosine",0.973278289612069,0.973278289612069
