"","method","proposed.assignment","QP.assignment"
"1","log.likelihood",-174.646591932578,-174.646591932578
"2","euclidean",25.4910794169147,25.4910794169147
"3","manhattan",136.451370389226,136.451370389226
"4","cosine",0.936862518448202,0.936862518448202
