"","method","proposed.assignment","QP.assignment"
"1","log.likelihood",-173.266452177708,-173.266452177708
"2","euclidean",42.5321921058457,42.5321921058457
"3","manhattan",171.231179476909,171.231179476909
"4","cosine",0.93360113875472,0.93360113875472
