"","method","proposed.assignment","QP.assignment"
"1","log.likelihood",-175.521438133226,-175.521438133226
"2","euclidean",18.3772622756939,18.3772622756939
"3","manhattan",116.556053556667,116.556053556667
"4","cosine",0.974617647089523,0.974617647089523
