"","method","proposed.assignment","QP.assignment"
"1","log.likelihood",-285.876140565284,-286.087385794556
"2","euclidean",30.3796793185847,27.2735496236984
"3","manhattan",206.381491324294,190.981245176778
"4","cosine",0.97980031877534,0.983902299131569
