"","method","proposed.assignment","QP.assignment"
"1","log.likelihood",-149.885626875879,-149.885626875879
"2","euclidean",21.3187767334291,21.3187767334291
"3","manhattan",118.098563486911,118.098563486911
"4","cosine",0.948426369826442,0.948426369826442
