"","method","proposed.assignment","QP.assignment"
"1","log.likelihood",-154.197440458799,-154.197440458799
"2","euclidean",15.0742813735558,15.0742813735558
"3","manhattan",97.2281105472823,97.2281105472823
"4","cosine",0.967935769557344,0.967935769557344
