"","method","proposed.assignment","QP.assignment"
"1","log.likelihood",-211.954444979527,-211.954444979527
"2","euclidean",35.1430875199717,35.1430875199717
"3","manhattan",180.694091939897,180.694091939897
"4","cosine",0.929469265819572,0.929469265819572
