"","method","proposed.assignment","QP.assignment"
"1","log.likelihood",-138.108804987161,-138.108804987161
"2","euclidean",10.1465223509581,10.1465223509581
"3","manhattan",75.6336073651892,75.6336073651892
"4","cosine",0.975779621642732,0.975779621642732
