"","method","proposed.assignment","QP.assignment"
"1","log.likelihood",-260.61605864126,-260.61605864126
"2","euclidean",91.1554131175841,91.1554131175841
"3","manhattan",396.451002657774,396.451002657774
"4","cosine",0.99354516246874,0.99354516246874
