"","method","proposed.assignment","QP.assignment"
"1","log.likelihood",-135.425829532894,-135.425829532894
"2","euclidean",15.8363506727253,15.8363506727253
"3","manhattan",98.9980786436647,98.9980786436647
"4","cosine",0.941920062284562,0.941920062284562
