"","method","proposed.assignment","QP.assignment"
"1","log.likelihood",-220.835948898774,-220.925104602683
"2","euclidean",23.6534818398277,22.89061804094
"3","manhattan",146.064095534787,148.771033397823
"4","cosine",0.971323526131065,0.973256994586647
