"","method","proposed.assignment","QP.assignment"
"1","log.likelihood",-156.257600221888,-156.257600221888
"2","euclidean",16.2031733837079,16.2031733837079
"3","manhattan",92.6705133342097,92.6705133342097
"4","cosine",0.976100430775587,0.976100430775587
