"","method","proposed.assignment","QP.assignment"
"1","log.likelihood",-147.450940880001,-147.450940880001
"2","euclidean",14.1056935793586,14.1056935793586
"3","manhattan",93.4090296962196,93.4090296962196
"4","cosine",0.968254127928797,0.968254127928797
