"","method","proposed.assignment","QP.assignment"
"1","log.likelihood",-127.943450533305,-127.943450533305
"2","euclidean",14.5047919910521,14.5047919910521
"3","manhattan",75.9693167460228,75.9693167460228
"4","cosine",0.929763518953258,0.929763518953258
