"","method","proposed.assignment","QP.assignment"
"1","log.likelihood",-278.47241227161,-278.679338515761
"2","euclidean",30.2932413861341,26.0385015353319
"3","manhattan",194.811505792917,177.377298907401
"4","cosine",0.986635328161977,0.990148651864711
