"","method","proposed.assignment","QP.assignment"
"1","log.likelihood",-168.96537844292,-168.96537844292
"2","euclidean",14.4075153150687,14.4075153150687
"3","manhattan",100.135244804336,100.135244804336
"4","cosine",0.979912687811709,0.979912687811709
