"","method","proposed.assignment","QP.assignment"
"1","log.likelihood",-142.988680447942,-142.988680447942
"2","euclidean",17.5546111077959,17.5546111077959
"3","manhattan",107.505866453978,107.505866453978
"4","cosine",0.953105618190648,0.953105618190648
