"","method","proposed.assignment","QP.assignment"
"1","log.likelihood",-188.995658172713,-188.995658172713
"2","euclidean",24.867789632455,24.867789632455
"3","manhattan",153.934148240796,153.934148240796
"4","cosine",0.938179507901448,0.938179507901448
