"","method","proposed.assignment","QP.assignment"
"1","log.likelihood",-145.899239290662,-145.899239290662
"2","euclidean",11.4330046333283,11.4330046333283
"3","manhattan",63.7673263265097,63.7673263265097
"4","cosine",0.986102213523566,0.986102213523566
