"","method","proposed.assignment","QP.assignment"
"1","log.likelihood",-167.122600253907,-167.122600253907
"2","euclidean",30.1447269465603,30.1447269465603
"3","manhattan",137.452476138001,137.452476138001
"4","cosine",0.841207710477715,0.841207710477715
