"","method","proposed.assignment","QP.assignment"
"1","log.likelihood",-145.2142899225,-145.2142899225
"2","euclidean",15.2411430126321,15.2411430126321
"3","manhattan",104.741440356159,104.741440356159
"4","cosine",0.962563704868572,0.962563704868572
