"","method","proposed.assignment","QP.assignment"
"1","log.likelihood",-237.016794713837,-237.157299896961
"2","euclidean",26.7468472162681,25.2372772475383
"3","manhattan",170.546552589798,168.985695071137
"4","cosine",0.968506314160827,0.971801318505412
