"","method","proposed.assignment","QP.assignment"
"1","log.likelihood",-161.188126682413,-161.188126682413
"2","euclidean",13.5855672801637,13.5855672801637
"3","manhattan",93.8539304544881,93.8539304544881
"4","cosine",0.980091109260107,0.980091109260107
