"","method","proposed.assignment","QP.assignment"
"1","log.likelihood",-134.124249013262,-134.124249013262
"2","euclidean",10.5979568727537,10.5979568727537
"3","manhattan",72.0867516807753,72.0867516807753
"4","cosine",0.980548791113833,0.980548791113833
