"","method","proposed.assignment","QP.assignment"
"1","log.likelihood",-159.697693293259,-159.697693293259
"2","euclidean",17.2683334245775,17.2683334245775
"3","manhattan",102.065867044052,102.065867044052
"4","cosine",0.96817809789262,0.96817809789262
