"","method","proposed.assignment","QP.assignment"
"1","log.likelihood",-128.211424463012,-128.211424463012
"2","euclidean",12.0196970416123,12.0196970416123
"3","manhattan",61.4148225424833,61.4148225424833
"4","cosine",0.982356500533491,0.982356500533491
