"","method","proposed.assignment","QP.assignment"
"1","log.likelihood",-214.922248780692,-215.696893306498
"2","euclidean",24.630732360674,18.3726055699701
"3","manhattan",133.298979930447,115.836403920311
"4","cosine",0.955756386458105,0.974303314846657
