"","method","proposed.assignment","QP.assignment"
"1","log.likelihood",-159.700765084546,-159.700765084546
"2","euclidean",18.1283536953856,18.1283536953856
"3","manhattan",100.921338695137,100.921338695137
"4","cosine",0.973720658281886,0.973720658281886
