"","method","proposed.assignment","QP.assignment"
"1","log.likelihood",-166.532283157382,-166.532283157382
"2","euclidean",17.1718538689639,17.1718538689639
"3","manhattan",110.461237224114,110.461237224114
"4","cosine",0.965076474251109,0.965076474251109
