"","method","proposed.assignment","QP.assignment"
"1","log.likelihood",-173.062817495206,-173.062817495206
"2","euclidean",18.7935628910628,18.7935628910628
"3","manhattan",120.147750192062,120.147750192062
"4","cosine",0.952928689401951,0.952928689401951
