"","method","proposed.assignment","QP.assignment"
"1","log.likelihood",-157.879126256393,-157.879126256393
"2","euclidean",12.5524177551057,12.5524177551057
"3","manhattan",84.62079100805,84.62079100805
"4","cosine",0.975107446645867,0.975107446645867
