"","method","proposed.assignment","QP.assignment"
"1","log.likelihood",-175.451458124101,-175.451458124101
"2","euclidean",31.1216425039695,31.1216425039695
"3","manhattan",155.868539958495,155.868539958495
"4","cosine",0.892754114274266,0.892754114274266
