"","method","proposed.assignment","QP.assignment"
"1","log.likelihood",-217.752579986672,-217.752579986672
"2","euclidean",55.4347635001849,55.4347635001849
"3","manhattan",272.472906430571,272.472906430571
"4","cosine",0.810664795134824,0.810664795134824
