"","method","proposed.assignment","QP.assignment"
"1","log.likelihood",-153.63917124592,-153.63917124592
"2","euclidean",14.6729973033746,14.6729973033746
"3","manhattan",97.1685756104134,97.1685756104134
"4","cosine",0.966528721636896,0.966528721636896
