"","method","proposed.assignment","QP.assignment"
"1","log.likelihood",-154.125569379761,-154.125569379761
"2","euclidean",16.306499748599,16.306499748599
"3","manhattan",106.789136663177,106.789136663177
"4","cosine",0.957330589683801,0.957330589683801
