"","method","proposed.assignment","QP.assignment"
"1","log.likelihood",-141.010962111916,-141.010962111916
"2","euclidean",9.48626669795702,9.48626669795702
"3","manhattan",51.9585445939153,51.9585445939153
"4","cosine",0.984748499829683,0.984748499829683
