"","method","proposed.assignment","QP.assignment"
"1","log.likelihood",-159.444282691287,-159.444282691287
"2","euclidean",15.832814494353,15.832814494353
"3","manhattan",74.651520453538,74.651520453538
"4","cosine",0.962107807058223,0.962107807058223
