"","method","proposed.assignment","QP.assignment"
"1","log.likelihood",-139.662887504859,-139.662887504859
"2","euclidean",12.73431430723,12.73431430723
"3","manhattan",77.1664347861558,77.1664347861558
"4","cosine",0.972736405046345,0.972736405046345
