"","method","proposed.assignment","QP.assignment"
"1","log.likelihood",-270.14113707195,-270.196385478004
"2","euclidean",35.2106878550155,34.7281574416817
"3","manhattan",225.969186984982,225.424749406977
"4","cosine",0.985406220791012,0.985579063503612
