"","method","proposed.assignment","QP.assignment"
"1","log.likelihood",-188.316359805678,-189.040366387096
"2","euclidean",17.0879793036374,15.1364166130634
"3","manhattan",121.558088018826,112.816052801927
"4","cosine",0.970829616188619,0.973028724217992
