"","method","proposed.assignment","QP.assignment"
"1","log.likelihood",-193.650734105866,-193.650734105866
"2","euclidean",20.7731172985794,20.7731172985794
"3","manhattan",132.075999069061,132.075999069061
"4","cosine",0.963252532526158,0.963252532526158
