"","method","proposed.assignment","QP.assignment"
"1","log.likelihood",-188.079235459355,-188.079235459355
"2","euclidean",23.6508900544779,23.6508900544779
"3","manhattan",145.123622175879,145.123622175879
"4","cosine",0.953151456431738,0.953151456431738
