"","method","proposed.assignment","QP.assignment"
"1","log.likelihood",-157.650145007428,-157.650145007428
"2","euclidean",14.0965921546927,14.0965921546927
"3","manhattan",98.0756643324064,98.0756643324064
"4","cosine",0.972480313568463,0.972480313568463
