"","method","proposed.assignment","QP.assignment"
"1","log.likelihood",-287.815985211452,-288.189924185503
"2","euclidean",42.8516516522779,39.3975247871121
"3","manhattan",265.099488721099,251.687194492029
"4","cosine",0.963406927822782,0.968798429212013
