"","method","proposed.assignment","QP.assignment"
"1","log.likelihood",-195.206704454343,-195.206704454343
"2","euclidean",19.3347661793095,19.3347661793095
"3","manhattan",143.657708891289,143.657708891289
"4","cosine",0.97351032104191,0.97351032104191
