"","method","proposed.assignment","QP.assignment"
"1","log.likelihood",-155.940196572209,-155.940196572209
"2","euclidean",15.7409249935868,15.7409249935868
"3","manhattan",104.139803168976,104.139803168976
"4","cosine",0.96970296378758,0.96970296378758
