"","method","proposed.assignment","QP.assignment"
"1","log.likelihood",-184.819678661698,-184.819678661698
"2","euclidean",23.4828256195448,23.4828256195448
"3","manhattan",148.559837898363,148.559837898363
"4","cosine",0.956176514818355,0.956176514818355
