"","method","proposed.assignment","QP.assignment"
"1","log.likelihood",-151.596069120204,-151.596069120204
"2","euclidean",22.6578061462459,22.6578061462459
"3","manhattan",98.7417428242181,98.7417428242181
"4","cosine",0.914362201162281,0.914362201162281
