"","method","proposed.assignment","QP.assignment"
"1","log.likelihood",-291.436905524237,-291.436905524237
"2","euclidean",65.3497058489051,65.3497058489051
"3","manhattan",306.225800963709,306.225800963709
"4","cosine",0.984296388098243,0.984296388098243
