"","method","proposed.assignment","QP.assignment"
"1","log.likelihood",-230.844093169684,-230.849063238859
"2","euclidean",18.8423525682464,18.8064847582519
"3","manhattan",133.021767679442,132.696725315156
"4","cosine",0.975424627419891,0.975485382494592
