"","method","proposed.assignment","QP.assignment"
"1","log.likelihood",-257.222786606767,-257.222786606767
"2","euclidean",80.9379179455338,80.9379179455338
"3","manhattan",363.311995308695,363.311995308695
"4","cosine",0.860284547450574,0.860284547450574
