"","method","proposed.assignment","QP.assignment"
"1","log.likelihood",-190.617333176384,-190.617333176384
"2","euclidean",18.7829482865683,18.7829482865683
"3","manhattan",126.062937672527,126.062937672527
"4","cosine",0.979997794061641,0.979997794061641
