"","method","proposed.assignment","QP.assignment"
"1","log.likelihood",-157.186308739022,-157.186308739022
"2","euclidean",14.1661265256176,14.1661265256176
"3","manhattan",92.1715866774847,92.1715866774847
"4","cosine",0.965508428806935,0.965508428806935
