"","method","proposed.assignment","QP.assignment"
"1","log.likelihood",-254.728527060123,-254.728527060123
"2","euclidean",85.7484869510406,85.7484869510406
"3","manhattan",403.149821404888,403.149821404888
"4","cosine",0.837427004546098,0.837427004546098
