"","method","proposed.assignment","QP.assignment"
"1","log.likelihood",-187.525260701588,-187.525260701588
"2","euclidean",22.6068106177523,22.6068106177523
"3","manhattan",138.8643550652,138.8643550652
"4","cosine",0.961032588708415,0.961032588708415
