"","method","proposed.assignment","QP.assignment"
"1","log.likelihood",-136.144902973062,-136.144902973062
"2","euclidean",14.3834668291982,14.3834668291982
"3","manhattan",91.3978314328692,91.3978314328692
"4","cosine",0.975806347579441,0.975806347579441
