"","method","proposed.assignment","QP.assignment"
"1","log.likelihood",-221.399908218495,-221.399908218495
"2","euclidean",53.1070479191629,53.1070479191629
"3","manhattan",252.53252277448,252.53252277448
"4","cosine",0.905482323397778,0.905482323397778
