"","method","proposed.assignment","QP.assignment"
"1","log.likelihood",-163.541310730639,-163.541310730639
"2","euclidean",14.4346676449556,14.4346676449556
"3","manhattan",96.4016080404066,96.4016080404066
"4","cosine",0.970890994635112,0.970890994635112
