"","method","proposed.assignment","QP.assignment"
"1","log.likelihood",-242.631641006992,-242.631641006992
"2","euclidean",84.3298897484948,84.3298897484948
"3","manhattan",377.212309342462,377.212309342462
"4","cosine",0.899561945803616,0.899561945803616
