"","method","proposed.assignment","QP.assignment"
"1","log.likelihood",-132.793659785887,-132.793659785887
"2","euclidean",10.6732679744485,10.6732679744485
"3","manhattan",59.5855284920521,59.5855284920521
"4","cosine",0.983899318675414,0.983899318675414
