"","method","proposed.assignment","QP.assignment"
"1","log.likelihood",-355.94927235231,-355.94927235231
"2","euclidean",78.4042359130445,78.4042359130445
"3","manhattan",449.617691422615,449.617691422615
"4","cosine",0.996326718950567,0.996326718950567
