"","method","proposed.assignment","QP.assignment"
"1","log.likelihood",-156.959431046679,-156.959431046679
"2","euclidean",14.1965891516256,14.1965891516256
"3","manhattan",96.5224585412748,96.5224585412748
"4","cosine",0.97094380808975,0.97094380808975
