"","method","proposed.assignment","QP.assignment"
"1","log.likelihood",-123.448818870661,-123.448818870661
"2","euclidean",6.25855981630143,6.25855981630143
"3","manhattan",37.5221183631547,37.5221183631547
"4","cosine",0.993982758167281,0.993982758167281
