"","method","proposed.assignment","QP.assignment"
"1","log.likelihood",-149.249543133405,-149.249543133405
"2","euclidean",15.4227134441833,15.4227134441833
"3","manhattan",98.8485210493107,98.8485210493107
"4","cosine",0.980049701102919,0.980049701102919
