"","method","proposed.assignment","QP.assignment"
"1","log.likelihood",-363.863832133474,-363.863832133474
"2","euclidean",94.7888985130369,94.7888985130369
"3","manhattan",464.722432005132,464.722432005132
"4","cosine",0.995371563629972,0.995371563629972
