"","method","proposed.assignment","QP.assignment"
"1","log.likelihood",-147.503114613536,-147.503114613536
"2","euclidean",16.2717950659485,16.2717950659485
"3","manhattan",107.093529264094,107.093529264094
"4","cosine",0.955735256128475,0.955735256128475
