"","method","proposed.assignment","QP.assignment"
"1","log.likelihood",-271.949207427512,-271.949207427512
"2","euclidean",56.8731345771248,56.8731345771248
"3","manhattan",303.618080189171,303.618080189171
"4","cosine",0.970011897026441,0.970011897026441
