"","method","proposed.assignment","QP.assignment"
"1","log.likelihood",-155.878477443137,-155.878477443137
"2","euclidean",11.1254504707815,11.1254504707815
"3","manhattan",63.4549646942502,63.4549646942502
"4","cosine",0.984136012242052,0.984136012242052
