"","method","proposed.assignment","QP.assignment"
"1","log.likelihood",-150.856706170291,-150.856706170291
"2","euclidean",12.1561842167834,12.1561842167834
"3","manhattan",83.2940197096921,83.2940197096921
"4","cosine",0.974179850090679,0.974179850090679
