"","method","proposed.assignment","QP.assignment"
"1","log.likelihood",-152.687214818288,-152.687214818288
"2","euclidean",15.6471933829139,15.6471933829139
"3","manhattan",99.5833942258291,99.5833942258291
"4","cosine",0.973856277762107,0.973856277762107
