"","method","proposed.assignment","QP.assignment"
"1","log.likelihood",-178.081993178334,-178.081993178334
"2","euclidean",18.444552859893,18.444552859893
"3","manhattan",106.159372678055,106.159372678055
"4","cosine",0.973377656695823,0.973377656695823
