"","method","proposed.assignment","QP.assignment"
"1","log.likelihood",-154.444098926521,-154.444098926521
"2","euclidean",15.7473964185924,15.7473964185924
"3","manhattan",102.140557521194,102.140557521194
"4","cosine",0.956202250355251,0.956202250355251
