"","method","proposed.assignment","QP.assignment"
"1","log.likelihood",-204.221831815943,-204.221831815943
"2","euclidean",31.0712974268004,31.0712974268004
"3","manhattan",165.2395604563,165.2395604563
"4","cosine",0.945439519467462,0.945439519467462
