"","method","proposed.assignment","QP.assignment"
"1","log.likelihood",-303.298927384243,-303.316729856969
"2","euclidean",32.4092922106934,32.1517034082333
"3","manhattan",216.600566680501,214.825943706908
"4","cosine",0.991000826713135,0.991208213379016
