"","method","proposed.assignment","QP.assignment"
"1","log.likelihood",-158.614199066333,-158.614199066333
"2","euclidean",16.0841209266366,16.0841209266366
"3","manhattan",102.730390247144,102.730390247144
"4","cosine",0.961518781071156,0.961518781071156
