"","method","proposed.assignment","QP.assignment"
"1","log.likelihood",-143.844622112637,-143.844622112637
"2","euclidean",19.7032925051869,19.7032925051869
"3","manhattan",102.035578750021,102.035578750021
"4","cosine",0.92907610048802,0.92907610048802
