"","method","proposed.assignment","QP.assignment"
"1","log.likelihood",-154.085212811444,-154.085212811444
"2","euclidean",11.9870091383893,11.9870091383893
"3","manhattan",64.8574480023642,64.8574480023642
"4","cosine",0.988427609048576,0.988427609048576
