"","method","proposed.assignment","QP.assignment"
"1","log.likelihood",-159.32847890122,-159.32847890122
"2","euclidean",14.4963996295175,14.4963996295175
"3","manhattan",96.771808321163,96.771808321163
"4","cosine",0.972574852920399,0.972574852920399
