"","method","proposed.assignment","QP.assignment"
"1","log.likelihood",-208.16656246295,-209.655720691476
"2","euclidean",35.8170045979734,23.8615463860179
"3","manhattan",181.997489257583,152.248118989568
"4","cosine",0.973021200274593,0.98907357881796
