"","method","proposed.assignment","QP.assignment"
"1","log.likelihood",-196.160893133429,-196.558230722682
"2","euclidean",19.1926435456337,17.0927191727064
"3","manhattan",111.809246492613,112.85900422183
"4","cosine",0.971171066838874,0.977067644774829
