"","method","proposed.assignment","QP.assignment"
"1","log.likelihood",-142.871517108313,-142.871517108313
"2","euclidean",12.8880616184065,12.8880616184065
"3","manhattan",81.6228511767302,81.6228511767302
"4","cosine",0.969607713821055,0.969607713821055
