"","method","proposed.assignment","QP.assignment"
"1","log.likelihood",-177.461207532972,-177.461207532972
"2","euclidean",14.54047789161,14.54047789161
"3","manhattan",107.181192868978,107.181192868978
"4","cosine",0.982965393705937,0.982965393705937
