"","method","proposed.assignment","QP.assignment"
"1","log.likelihood",-298.511352041885,-298.584135736267
"2","euclidean",29.9492220933459,28.932157074801
"3","manhattan",194.819031559657,186.335966665896
"4","cosine",0.99170173456098,0.992239665165384
