"","method","proposed.assignment","QP.assignment"
"1","log.likelihood",-160.371431383005,-160.371431383005
"2","euclidean",15.7956406634425,15.7956406634425
"3","manhattan",97.2510712228192,97.2510712228192
"4","cosine",0.963947951750573,0.963947951750573
