"","method","proposed.assignment","QP.assignment"
"1","log.likelihood",-289.505805978321,-289.574484376693
"2","euclidean",69.4432153404348,68.9284905557416
"3","manhattan",406.744470887252,408.097362896107
"4","cosine",0.976496124153268,0.975954881102981
