"","method","proposed.assignment","QP.assignment"
"1","log.likelihood",-142.381511430057,-142.381511430057
"2","euclidean",12.8194814481517,12.8194814481517
"3","manhattan",71.9787738596037,71.9787738596037
"4","cosine",0.972651525535745,0.972651525535745
