"","method","proposed.assignment","QP.assignment"
"1","log.likelihood",-160.795292887958,-160.795292887958
"2","euclidean",13.8020875830633,13.8020875830633
"3","manhattan",92.488627166038,92.488627166038
"4","cosine",0.969562371864013,0.969562371864013
