"","method","proposed.assignment","QP.assignment"
"1","log.likelihood",-186.552869766355,-186.552869766355
"2","euclidean",24.0789884839084,24.0789884839084
"3","manhattan",138.779988961763,138.779988961763
"4","cosine",0.957237375107725,0.957237375107725
