"","method","proposed.assignment","QP.assignment"
"1","log.likelihood",-162.019327537568,-162.019327537568
"2","euclidean",17.1937130944326,17.1937130944326
"3","manhattan",117.034683023652,117.034683023652
"4","cosine",0.963784868896439,0.963784868896439
