"","method","proposed.assignment","QP.assignment"
"1","log.likelihood",-155.913726716728,-155.913726716728
"2","euclidean",15.9033151404938,15.9033151404938
"3","manhattan",93.9250205350211,93.9250205350211
"4","cosine",0.964935159174301,0.964935159174301
