"","method","proposed.assignment","QP.assignment"
"1","log.likelihood",-231.688455116787,-231.998766078824
"2","euclidean",35.1192416343332,31.9274363826716
"3","manhattan",185.087238308224,186.213889490102
"4","cosine",0.971826507420306,0.976607800534373
