"","method","proposed.assignment","QP.assignment"
"1","log.likelihood",-129.60314099622,-129.60314099622
"2","euclidean",9.51124382567452,9.51124382567452
"3","manhattan",47.5293676995499,47.5293676995499
"4","cosine",0.982463330499327,0.982463330499327
