"","method","proposed.assignment","QP.assignment"
"1","log.likelihood",-190.933424940542,-190.933424940542
"2","euclidean",49.9193390129234,49.9193390129234
"3","manhattan",221.874669100077,221.874669100077
"4","cosine",0.810453006580022,0.810453006580022
