"","method","proposed.assignment","QP.assignment"
"1","log.likelihood",-227.07045109862,-228.145745198893
"2","euclidean",26.510966700613,16.9743629837305
"3","manhattan",137.753959602788,114.900335325044
"4","cosine",0.966770439532207,0.986616821185534
