"","method","proposed.assignment","QP.assignment"
"1","log.likelihood",-249.469164120601,-249.67745859304
"2","euclidean",28.7294704233413,26.3647530950685
"3","manhattan",179.647224779105,169.07809244123
"4","cosine",0.963421514683302,0.968312683607644
