"","method","proposed.assignment","QP.assignment"
"1","log.likelihood",-163.118599655954,-163.118599655954
"2","euclidean",21.899131616828,21.899131616828
"3","manhattan",127.278195283344,127.278195283344
"4","cosine",0.952942820548203,0.952942820548203
