"","method","proposed.assignment","QP.assignment"
"1","log.likelihood",-166.184842790584,-166.184842790584
"2","euclidean",28.1566660476066,28.1566660476066
"3","manhattan",145.620603954561,145.620603954561
"4","cosine",0.898342076188705,0.898342076188705
