"","method","proposed.assignment","QP.assignment"
"1","log.likelihood",-145.868498192586,-145.868498192586
"2","euclidean",12.3932416429141,12.3932416429141
"3","manhattan",87.1326745554204,87.1326745554204
"4","cosine",0.982441918683674,0.982441918683674
