"","method","proposed.assignment","QP.assignment"
"1","log.likelihood",-184.195651738784,-184.195651738784
"2","euclidean",22.4686407697729,22.4686407697729
"3","manhattan",148.397952592969,148.397952592969
"4","cosine",0.958484600668104,0.958484600668104
