"","method","proposed.assignment","QP.assignment"
"1","log.likelihood",-229.022690732072,-229.022690732072
"2","euclidean",48.2265259552839,48.2265259552839
"3","manhattan",266.15316529723,266.15316529723
"4","cosine",0.913873638182616,0.913873638182616
