"","method","proposed.assignment","QP.assignment"
"1","log.likelihood",-189.204839062338,-189.204839062338
"2","euclidean",32.2171257581711,32.2171257581711
"3","manhattan",157.336646414945,157.336646414945
"4","cosine",0.903144796066105,0.903144796066105
