"","method","proposed.assignment","QP.assignment"
"1","log.likelihood",-112.620304583281,-112.620304583281
"2","euclidean",5.6431131008664,5.6431131008664
"3","manhattan",30.6184526814459,30.6184526814459
"4","cosine",0.99356673987858,0.99356673987858
