"","method","proposed.assignment","QP.assignment"
"1","log.likelihood",-223.724979547855,-223.726422480199
"2","euclidean",23.5408243888955,23.5300691835648
"3","manhattan",160.157932974968,160.042642682015
"4","cosine",0.959878862753269,0.959846518024867
