"","method","proposed.assignment","QP.assignment"
"1","log.likelihood",-185.928936351435,-186.755474446479
"2","euclidean",16.7887037304141,14.5889193612865
"3","manhattan",108.623798963721,101.444136311552
"4","cosine",0.972266613374848,0.97721356132378
