"","method","proposed.assignment","QP.assignment"
"1","log.likelihood",-151.802378540944,-151.802378540944
"2","euclidean",12.8397084098261,12.8397084098261
"3","manhattan",85.0868132513382,85.0868132513382
"4","cosine",0.976616279814576,0.976616279814576
