"","method","proposed.assignment","QP.assignment"
"1","log.likelihood",-192.94051140932,-192.94051140932
"2","euclidean",54.6044880903933,54.6044880903933
"3","manhattan",255.936392787257,255.936392787257
"4","cosine",0.901601448081676,0.901601448081676
