"","method","proposed.assignment","QP.assignment"
"1","log.likelihood",-150.734187651146,-150.734187651146
"2","euclidean",20.4253006979418,20.4253006979418
"3","manhattan",113.242654787128,113.242654787128
"4","cosine",0.959379230785753,0.959379230785753
