"","method","proposed.assignment","QP.assignment"
"1","log.likelihood",-285.99977674805,-286.027566312414
"2","euclidean",24.7892368318359,24.2620556106176
"3","manhattan",170.64565275805,164.509241421717
"4","cosine",0.998515734891077,0.99852609907324
