"","method","proposed.assignment","QP.assignment"
"1","log.likelihood",-218.923674588136,-218.923674588136
"2","euclidean",86.4294318192035,86.4294318192035
"3","manhattan",345.394720730989,345.394720730989
"4","cosine",0.877946481087116,0.877946481087116
