"","method","proposed.assignment","QP.assignment"
"1","log.likelihood",-224.644079575993,-224.644079575993
"2","euclidean",62.7447631088907,62.7447631088907
"3","manhattan",282.20717620551,282.20717620551
"4","cosine",0.850544476076252,0.850544476076252
