"","method","proposed.assignment","QP.assignment"
"1","log.likelihood",-213.48023687463,-214.716841496497
"2","euclidean",27.3912469940002,18.6316562478245
"3","manhattan",156.327145448671,124.269640966991
"4","cosine",0.958118110094586,0.978987170346106
