"","method","proposed.assignment","QP.assignment"
"1","log.likelihood",-251.37428965818,-251.537014387631
"2","euclidean",29.9045228280137,27.0605933431792
"3","manhattan",182.163135387475,176.101946416555
"4","cosine",0.98213222328413,0.986153932350445
