"","method","proposed.assignment","QP.assignment"
"1","log.likelihood",-272.814067850972,-272.952274820836
"2","euclidean",30.3984631115586,28.711032310937
"3","manhattan",190.546426700392,172.99360779978
"4","cosine",0.993658316275376,0.994429384044941
