"","method","proposed.assignment","QP.assignment"
"1","log.likelihood",-144.386982740906,-144.386982740906
"2","euclidean",9.69213028126536,9.69213028126536
"3","manhattan",48.1825870125172,48.1825870125172
"4","cosine",0.990769097640525,0.990769097640525
