"","method","proposed.assignment","QP.assignment"
"1","log.likelihood",-158.35885998631,-158.35885998631
"2","euclidean",17.3745719310034,17.3745719310034
"3","manhattan",100.901883382694,100.901883382694
"4","cosine",0.951831784882624,0.951831784882624
