"","method","proposed.assignment","QP.assignment"
"1","log.likelihood",-199.208803855088,-199.208803855088
"2","euclidean",30.7009454558228,30.7009454558228
"3","manhattan",168.722520437199,168.722520437199
"4","cosine",0.901047110243765,0.901047110243765
