"","method","proposed.assignment","QP.assignment"
"1","log.likelihood",-147.594286886694,-147.594286886694
"2","euclidean",5.56479439310871,5.56479439310871
"3","manhattan",34.7871880196752,34.7871880196752
"4","cosine",0.996451467816758,0.996451467816758
