"","method","proposed.assignment","QP.assignment"
"1","log.likelihood",-154.259079974319,-154.259079974319
"2","euclidean",16.8131376198378,16.8131376198378
"3","manhattan",101.133950056508,101.133950056508
"4","cosine",0.964861969667523,0.964861969667523
