"","method","proposed.assignment","QP.assignment"
"1","log.likelihood",-170.071268747707,-170.071268747707
"2","euclidean",13.5859178914872,13.5859178914872
"3","manhattan",78.1056086721229,78.1056086721229
"4","cosine",0.97824934904168,0.97824934904168
