"","method","proposed.assignment","QP.assignment"
"1","log.likelihood",-165.794024631034,-165.794024631034
"2","euclidean",8.95036406925793,8.95036406925793
"3","manhattan",53.9400991271632,53.9400991271632
"4","cosine",0.990983929450076,0.990983929450076
