"","method","proposed.assignment","QP.assignment"
"1","log.likelihood",-216.93138828341,-216.93138828341
"2","euclidean",56.1454834504747,56.1454834504747
"3","manhattan",257.196143529198,257.196143529198
"4","cosine",0.803898561877161,0.803898561877161
