"","method","proposed.assignment","QP.assignment"
"1","log.likelihood",-167.314879930637,-167.314879930637
"2","euclidean",18.0412020444094,18.0412020444094
"3","manhattan",116.793357680206,116.793357680206
"4","cosine",0.964660472937139,0.964660472937139
