"","method","proposed.assignment","QP.assignment"
"1","log.likelihood",-246.429852725225,-246.988588828574
"2","euclidean",19.9102098716147,15.1644603349616
"3","manhattan",135.155074043466,114.965491054508
"4","cosine",0.984341719181057,0.989570849516583
