"","method","proposed.assignment","QP.assignment"
"1","log.likelihood",-206.173754704129,-206.173754704129
"2","euclidean",31.6397121467421,31.6397121467421
"3","manhattan",174.091190343454,174.091190343454
"4","cosine",0.928732811653191,0.928732811653191
