"","method","proposed.assignment","QP.assignment"
"1","log.likelihood",-339.258108148944,-339.279357195071
"2","euclidean",37.5375027044098,37.1177102673161
"3","manhattan",232.158585221691,233.262013680639
"4","cosine",0.996238916284407,0.996294384527764
