"","method","proposed.assignment","QP.assignment"
"1","log.likelihood",-168.709793261303,-168.709793261303
"2","euclidean",22.512865003393,22.512865003393
"3","manhattan",128.258577042043,128.258577042043
"4","cosine",0.915559075877063,0.915559075877063
