"","method","proposed.assignment","QP.assignment"
"1","log.likelihood",-154.557414709309,-154.557414709309
"2","euclidean",23.6982367016194,23.6982367016194
"3","manhattan",112.324807598068,112.324807598068
"4","cosine",0.920399115958268,0.920399115958268
