"","method","proposed.assignment","QP.assignment"
"1","log.likelihood",-207.100327235842,-207.100327235842
"2","euclidean",35.9952237660024,35.9952237660024
"3","manhattan",187.29697263418,187.29697263418
"4","cosine",0.932584513400131,0.932584513400131
