"","method","proposed.assignment","QP.assignment"
"1","log.likelihood",-163.405951663121,-163.405951663121
"2","euclidean",15.1846473287012,15.1846473287012
"3","manhattan",103.099231470032,103.099231470032
"4","cosine",0.971721672699863,0.971721672699863
