"","method","proposed.assignment","QP.assignment"
"1","log.likelihood",-151.607636550235,-151.607636550235
"2","euclidean",18.7202691948574,18.7202691948574
"3","manhattan",108.186155719669,108.186155719669
"4","cosine",0.966380516979265,0.966380516979265
