"","method","proposed.assignment","QP.assignment"
"1","log.likelihood",-164.58158984958,-164.58158984958
"2","euclidean",21.9551791762464,21.9551791762464
"3","manhattan",103.22221946571,103.22221946571
"4","cosine",0.890474001313295,0.890474001313295
