"","method","proposed.assignment","QP.assignment"
"1","log.likelihood",-174.955874661625,-174.955874661625
"2","euclidean",18.8237091379297,18.8237091379297
"3","manhattan",123.381048995478,123.381048995478
"4","cosine",0.956483601779153,0.956483601779153
