"","method","proposed.assignment","QP.assignment"
"1","log.likelihood",-269.947322072639,-270.072764058747
"2","euclidean",26.2196201402685,25.223023562585
"3","manhattan",169.883980219527,165.310244002978
"4","cosine",0.99584349745455,0.996211825556559
