"","method","proposed.assignment","QP.assignment"
"1","log.likelihood",-165.21524372791,-165.21524372791
"2","euclidean",16.4455076035551,16.4455076035551
"3","manhattan",88.7749687668384,88.7749687668384
"4","cosine",0.976840332169007,0.976840332169007
