"","method","proposed.assignment","QP.assignment"
"1","log.likelihood",-121.473256709257,-121.473256709257
"2","euclidean",12.8940312042514,12.8940312042514
"3","manhattan",67.6924550653064,67.6924550653064
"4","cosine",0.960483511801619,0.960483511801619
