"","method","proposed.assignment","QP.assignment"
"1","log.likelihood",-324.910270004815,-324.911930632604
"2","euclidean",31.4126398012087,31.3767236451006
"3","manhattan",212.327882044586,212.120605343936
"4","cosine",0.996007118181105,0.996014301030456
