"","method","proposed.assignment","QP.assignment"
"1","log.likelihood",-197.767139581059,-197.767139581059
"2","euclidean",29.4229973961616,29.4229973961616
"3","manhattan",149.154171640147,149.154171640147
"4","cosine",0.923708881760538,0.923708881760538
