"","method","proposed.assignment","QP.assignment"
"1","log.likelihood",-162.225363390547,-162.225363390547
"2","euclidean",18.2180171607151,18.2180171607151
"3","manhattan",124.286841097429,124.286841097429
"4","cosine",0.962855518486083,0.962855518486083
