"","method","proposed.assignment","QP.assignment"
"1","log.likelihood",-245.695635912277,-245.695635912277
"2","euclidean",75.5096777909278,75.5096777909278
"3","manhattan",364.621625937128,364.621625937128
"4","cosine",0.824208978527278,0.824208978527278
