"","method","proposed.assignment","QP.assignment"
"1","log.likelihood",-137.088330125876,-137.088330125876
"2","euclidean",9.95976692254291,9.95976692254291
"3","manhattan",56.2738613984032,56.2738613984032
"4","cosine",0.986795310246559,0.986795310246559
