"","method","proposed.assignment","QP.assignment"
"1","log.likelihood",-262.976442090419,-263.343823693607
"2","euclidean",33.9351314302276,28.1563905706108
"3","manhattan",187.018213132197,174.907781785514
"4","cosine",0.991299618645621,0.992876397059095
