"","method","proposed.assignment","QP.assignment"
"1","log.likelihood",-238.917061731909,-238.917061731909
"2","euclidean",72.8440669733272,72.8440669733272
"3","manhattan",361.628243669305,361.628243669305
"4","cosine",0.882795894804577,0.882795894804577
