"","method","proposed.assignment","QP.assignment"
"1","log.likelihood",-127.228505762273,-127.228505762273
"2","euclidean",12.9849922712683,12.9849922712683
"3","manhattan",74.6010658203391,74.6010658203391
"4","cosine",0.960570270625993,0.960570270625993
