"","method","proposed.assignment","QP.assignment"
"1","log.likelihood",-168.686320209924,-168.686320209924
"2","euclidean",14.9419425535346,14.9419425535346
"3","manhattan",103.426722353103,103.426722353103
"4","cosine",0.972058051750979,0.972058051750979
