"","method","proposed.assignment","QP.assignment"
"1","log.likelihood",-155.454653500499,-155.454653500499
"2","euclidean",13.9338834593737,13.9338834593737
"3","manhattan",79.065485892581,79.065485892581
"4","cosine",0.97878915949391,0.97878915949391
