"","method","proposed.assignment","QP.assignment"
"1","log.likelihood",-256.177526237312,-256.177526237312
"2","euclidean",39.0555945693779,39.0555945693779
"3","manhattan",240.303851528074,240.303851528074
"4","cosine",0.964043251674079,0.964043251674079
