"","method","proposed.assignment","QP.assignment"
"1","log.likelihood",-132.971705517808,-132.971705517808
"2","euclidean",14.4394400875136,14.4394400875136
"3","manhattan",81.4011380351386,81.4011380351386
"4","cosine",0.971953406371432,0.971953406371432
