"","method","proposed.assignment","QP.assignment"
"1","log.likelihood",-160.110117836886,-160.110117836886
"2","euclidean",12.4270599254652,12.4270599254652
"3","manhattan",92.4010845570573,92.4010845570573
"4","cosine",0.980175735478925,0.980175735478925
