"","method","proposed.assignment","QP.assignment"
"1","log.likelihood",-120.516585826838,-120.516585826838
"2","euclidean",10.9040713147297,10.9040713147297
"3","manhattan",61.8754955206185,61.8754955206185
"4","cosine",0.981005308565502,0.981005308565502
