"","method","proposed.assignment","QP.assignment"
"1","log.likelihood",-179.215536357582,-179.215536357582
"2","euclidean",34.2431314184261,34.2431314184261
"3","manhattan",149.417736672695,149.417736672695
"4","cosine",0.895434832052651,0.895434832052651
