"","method","proposed.assignment","QP.assignment"
"1","log.likelihood",-154.955748582825,-154.955748582825
"2","euclidean",16.3236343121224,16.3236343121224
"3","manhattan",102.399680169703,102.399680169703
"4","cosine",0.964318355193028,0.964318355193028
