"","method","proposed.assignment","QP.assignment"
"1","log.likelihood",-163.588034514594,-163.588034514594
"2","euclidean",17.6537158507573,17.6537158507573
"3","manhattan",116.001925681648,116.001925681648
"4","cosine",0.955733373708355,0.955733373708355
