"","method","proposed.assignment","QP.assignment"
"1","log.likelihood",-208.522118298162,-208.890304892157
"2","euclidean",51.1268947089653,49.5689247658386
"3","manhattan",214.017337467771,222.182872372041
"4","cosine",0.992465086915773,0.992078469338279
