"","method","proposed.assignment","QP.assignment"
"1","log.likelihood",-149.631167311393,-149.631167311393
"2","euclidean",22.2994048490533,22.2994048490533
"3","manhattan",118.902514283704,118.902514283704
"4","cosine",0.967952956083145,0.967952956083145
