"","method","proposed.assignment","QP.assignment"
"1","log.likelihood",-193.534819127793,-194.197762697899
"2","euclidean",20.1147524799347,15.4198427798869
"3","manhattan",115.827354382323,104.834300813534
"4","cosine",0.96018555500895,0.976968548204746
