"","method","proposed.assignment","QP.assignment"
"1","log.likelihood",-133.887593778731,-133.887593778731
"2","euclidean",9.02688380884679,9.02688380884679
"3","manhattan",47.0296093883405,47.0296093883405
"4","cosine",0.991971401498477,0.991971401498477
