"","method","proposed.assignment","QP.assignment"
"1","log.likelihood",-160.299301806842,-160.299301806842
"2","euclidean",13.3581520646578,13.3581520646578
"3","manhattan",94.7184734229459,94.7184734229459
"4","cosine",0.977190857656371,0.977190857656371
