"","method","proposed.assignment","QP.assignment"
"1","log.likelihood",-343.932502495831,-345.214449808108
"2","euclidean",124.160054767218,116.433708339597
"3","manhattan",665.01775635317,700.758571540659
"4","cosine",0.90181806944692,0.907917434127289
