"","method","proposed.assignment","QP.assignment"
"1","log.likelihood",-183.596460593546,-183.596460593546
"2","euclidean",19.0097033798517,19.0097033798517
"3","manhattan",120.412575605645,120.412575605645
"4","cosine",0.961752825093437,0.961752825093437
