"","method","proposed.assignment","QP.assignment"
"1","log.likelihood",-174.7559666626,-174.7559666626
"2","euclidean",17.2319414589529,17.2319414589529
"3","manhattan",109.168977628772,109.168977628772
"4","cosine",0.980058112799907,0.980058112799907
