"","method","proposed.assignment","QP.assignment"
"1","log.likelihood",-167.793727644585,-167.793727644585
"2","euclidean",18.0129382498088,18.0129382498088
"3","manhattan",117.471803462472,117.471803462472
"4","cosine",0.961070940762698,0.961070940762698
