"","method","proposed.assignment","QP.assignment"
"1","log.likelihood",-249.281390439807,-249.773354286921
"2","euclidean",30.0193620204982,23.8945110985069
"3","manhattan",185.305820134489,169.535217888837
"4","cosine",0.970999161268901,0.981835832639521
