"","method","proposed.assignment","QP.assignment"
"1","log.likelihood",-166.351638277783,-166.351638277783
"2","euclidean",14.3067985188986,14.3067985188986
"3","manhattan",101.937711676437,101.937711676437
"4","cosine",0.971546323629666,0.971546323629666
