"","method","proposed.assignment","QP.assignment"
"1","log.likelihood",-163.79507782317,-163.79507782317
"2","euclidean",17.1277110196734,17.1277110196734
"3","manhattan",111.349010067061,111.349010067061
"4","cosine",0.955285027826697,0.955285027826697
