"","method","proposed.assignment","QP.assignment"
"1","log.likelihood",-265.589881088907,-265.636153008057
"2","euclidean",31.9148832605991,31.1048658353754
"3","manhattan",207.225228234043,207.660013182769
"4","cosine",0.99402699916587,0.994321352737352
