"","method","proposed.assignment","QP.assignment"
"1","log.likelihood",-214.654934454011,-214.706819911605
"2","euclidean",16.2391861793576,15.8486264765065
"3","manhattan",106.186914243531,107.692800945872
"4","cosine",0.977165774274919,0.977676746125362
