"","method","proposed.assignment","QP.assignment"
"1","log.likelihood",-261.030544620157,-261.086858948776
"2","euclidean",28.4614427456027,27.6962312793337
"3","manhattan",182.165969350664,179.298654386617
"4","cosine",0.996560016169337,0.996761963950684
