"","method","proposed.assignment","QP.assignment"
"1","log.likelihood",-249.7362750036,-249.7362750036
"2","euclidean",68.4922327089852,68.4922327089852
"3","manhattan",326.003272372787,326.003272372787
"4","cosine",0.859821937781917,0.859821937781917
