"","method","proposed.assignment","QP.assignment"
"1","log.likelihood",-194.051697287888,-194.051697287888
"2","euclidean",28.8006763385625,28.8006763385625
"3","manhattan",170.11742368213,170.11742368213
"4","cosine",0.942459778515425,0.942459778515425
