"","method","proposed.assignment","QP.assignment"
"1","log.likelihood",-155.828224147091,-155.828224147091
"2","euclidean",17.1993088851612,17.1993088851612
"3","manhattan",109.726477906342,109.726477906342
"4","cosine",0.970918153639432,0.970918153639432
