"","method","proposed.assignment","QP.assignment"
"1","log.likelihood",-143.895704062451,-143.895704062451
"2","euclidean",16.2036342926796,16.2036342926796
"3","manhattan",82.2563675516733,82.2563675516733
"4","cosine",0.940062465844174,0.940062465844174
