"","method","proposed.assignment","QP.assignment"
"1","log.likelihood",-165.324347093686,-165.324347093686
"2","euclidean",15.5831716462672,15.5831716462672
"3","manhattan",95.1656826927574,95.1656826927574
"4","cosine",0.982833363150508,0.982833363150508
