"","method","proposed.assignment","QP.assignment"
"1","log.likelihood",-141.649473585636,-141.649473585636
"2","euclidean",15.4084850898229,15.4084850898229
"3","manhattan",87.7563328092498,87.7563328092498
"4","cosine",0.976872418599651,0.976872418599651
