"","method","proposed.assignment","QP.assignment"
"1","log.likelihood",-206.429883261641,-206.429883261641
"2","euclidean",32.3483209510415,32.3483209510415
"3","manhattan",183.552092239764,183.552092239764
"4","cosine",0.922799061783494,0.922799061783494
