"","method","proposed.assignment","QP.assignment"
"1","log.likelihood",-337.89424755748,-337.894293873489
"2","euclidean",53.9027460283466,53.9018713634663
"3","manhattan",326.421658017038,326.662609993732
"4","cosine",0.993247736022316,0.99324945494634
