"","method","proposed.assignment","QP.assignment"
"1","log.likelihood",-144.800746808014,-144.800746808014
"2","euclidean",8.18432349500228,8.18432349500228
"3","manhattan",48.7859108407753,48.7859108407753
"4","cosine",0.989626078196653,0.989626078196653
