"","method","proposed.assignment","QP.assignment"
"1","log.likelihood",-155.038930888531,-155.038930888531
"2","euclidean",15.7484740009364,15.7484740009364
"3","manhattan",91.859454928992,91.859454928992
"4","cosine",0.964445144626067,0.964445144626067
