"","method","proposed.assignment","QP.assignment"
"1","log.likelihood",-264.919488873092,-265.283867772752
"2","euclidean",24.9696574372291,20.574005430724
"3","manhattan",166.236947890155,151.193741925713
"4","cosine",0.97445512214896,0.982682812787946
