"","method","proposed.assignment","QP.assignment"
"1","log.likelihood",-237.038502001067,-237.472684681247
"2","euclidean",27.3372272335417,23.9341058759155
"3","manhattan",165.503674618751,151.856675212722
"4","cosine",0.972632808014419,0.9761663395497
