"","method","proposed.assignment","QP.assignment"
"1","log.likelihood",-158.552222037796,-158.552222037796
"2","euclidean",14.0744766087562,14.0744766087562
"3","manhattan",97.4057262419031,97.4057262419031
"4","cosine",0.978488065235565,0.978488065235565
