"","method","proposed.assignment","QP.assignment"
"1","log.likelihood",-159.468304817278,-159.468304817278
"2","euclidean",11.8989324999288,11.8989324999288
"3","manhattan",83.3337656316468,83.3337656316468
"4","cosine",0.971365239319561,0.971365239319561
