"","method","proposed.assignment","QP.assignment"
"1","log.likelihood",-202.052416979825,-202.052416979825
"2","euclidean",79.7028534179906,79.7028534179906
"3","manhattan",320.967498110531,320.967498110531
"4","cosine",0.877061907842038,0.877061907842038
