"","method","proposed.assignment","QP.assignment"
"1","log.likelihood",-275.725809313531,-275.944872976323
"2","euclidean",31.1781752730599,28.688641671952
"3","manhattan",201.252688967298,198.280312311802
"4","cosine",0.994168311914634,0.994807079837843
