"","method","proposed.assignment","QP.assignment"
"1","log.likelihood",-217.354469570129,-217.354469570129
"2","euclidean",36.1456713598463,36.1456713598463
"3","manhattan",212.142560471739,212.142560471739
"4","cosine",0.924967489745146,0.924967489745146
