"","method","proposed.assignment","QP.assignment"
"1","log.likelihood",-181.995028577097,-181.995028577097
"2","euclidean",12.3957111846441,12.3957111846441
"3","manhattan",62.2981318241109,62.2981318241109
"4","cosine",0.986156073556547,0.986156073556547
