"","method","proposed.assignment","QP.assignment"
"1","log.likelihood",-111.261755700285,-111.261755700285
"2","euclidean",7.90365925367008,7.90365925367008
"3","manhattan",43.2652500995575,43.2652500995575
"4","cosine",0.987444106615509,0.987444106615509
