"","method","proposed.assignment","QP.assignment"
"1","log.likelihood",-200.384747332398,-200.384747332398
"2","euclidean",37.6688671112457,37.6688671112457
"3","manhattan",196.084668830939,196.084668830939
"4","cosine",0.899184654367342,0.899184654367342
