"","method","proposed.assignment","QP.assignment"
"1","log.likelihood",-149.6442545137,-149.6442545137
"2","euclidean",11.6426468538128,11.6426468538128
"3","manhattan",83.2995147993485,83.2995147993485
"4","cosine",0.979022115279309,0.979022115279309
