"","method","proposed.assignment","QP.assignment"
"1","log.likelihood",-146.872195874146,-146.872195874146
"2","euclidean",13.4376681005681,13.4376681005681
"3","manhattan",77.9013011571375,77.9013011571375
"4","cosine",0.971540227539874,0.971540227539874
