"","method","proposed.assignment","QP.assignment"
"1","log.likelihood",-124.995223164088,-124.995223164088
"2","euclidean",9.1804533373082,9.1804533373082
"3","manhattan",56.9740953374319,56.9740953374319
"4","cosine",0.986651759493612,0.986651759493612
