"","method","proposed.assignment","QP.assignment"
"1","log.likelihood",-223.374544624948,-223.380265971443
"2","euclidean",20.1952179417689,20.1075390328124
"3","manhattan",134.2999741347,133.313396951127
"4","cosine",0.98896042165036,0.989001528328338
