"","method","proposed.assignment","QP.assignment"
"1","log.likelihood",-161.532013374559,-161.532013374559
"2","euclidean",18.5297515957718,18.5297515957718
"3","manhattan",83.3512112145891,83.3512112145891
"4","cosine",0.946578556515507,0.946578556515507
