"","method","proposed.assignment","QP.assignment"
"1","log.likelihood",-235.30544087971,-235.315633800247
"2","euclidean",20.1041809941132,19.9741628534156
"3","manhattan",137.168540260363,137.20484910976
"4","cosine",0.988175588231331,0.98815764923287
