"","method","proposed.assignment","QP.assignment"
"1","log.likelihood",-141.28258974958,-141.28258974958
"2","euclidean",4.69192867329874,4.69192867329874
"3","manhattan",25.4599003257672,25.4599003257672
"4","cosine",0.998559929566807,0.998559929566807
