"","method","proposed.assignment","QP.assignment"
"1","log.likelihood",-136.983108605725,-136.983108605725
"2","euclidean",19.4544759697922,19.4544759697922
"3","manhattan",87.0905552047535,87.0905552047535
"4","cosine",0.931611164685059,0.931611164685059
