"","method","proposed.assignment","QP.assignment"
"1","log.likelihood",-152.017720741264,-152.017720741264
"2","euclidean",12.8881940384043,12.8881940384043
"3","manhattan",87.0553885595847,87.0553885595847
"4","cosine",0.97934422507304,0.97934422507304
