"","method","proposed.assignment","QP.assignment"
"1","log.likelihood",-271.742858919089,-271.742858919089
"2","euclidean",119.4404715629,119.4404715629
"3","manhattan",463.999097492422,463.999097492422
"4","cosine",0.992760479838222,0.992760479838222
