"","method","proposed.assignment","QP.assignment"
"1","log.likelihood",-190.90611914053,-190.90611914053
"2","euclidean",24.1532658289166,24.1532658289166
"3","manhattan",144.063641169049,144.063641169049
"4","cosine",0.937618220177406,0.937618220177406
