"","method","proposed.assignment","QP.assignment"
"1","log.likelihood",-138.362732079715,-138.362732079715
"2","euclidean",18.3836165444642,18.3836165444642
"3","manhattan",98.3097293134567,98.3097293134567
"4","cosine",0.950676797397096,0.950676797397096
