"","method","proposed.assignment","QP.assignment"
"1","log.likelihood",-136.629595726671,-136.629595726671
"2","euclidean",10.9916730198169,10.9916730198169
"3","manhattan",66.1533980701431,66.1533980701431
"4","cosine",0.966704302512266,0.966704302512266
