"","method","proposed.assignment","QP.assignment"
"1","log.likelihood",-232.066721873525,-232.066721873525
"2","euclidean",79.3909939924783,79.3909939924783
"3","manhattan",337.8807259897,337.8807259897
"4","cosine",0.797825742815299,0.797825742815299
