"","method","proposed.assignment","QP.assignment"
"1","log.likelihood",-158.804073373553,-158.804073373553
"2","euclidean",18.4132551154114,18.4132551154114
"3","manhattan",120.078938309621,120.078938309621
"4","cosine",0.955685323700985,0.955685323700985
