"","method","proposed.assignment","QP.assignment"
"1","log.likelihood",-149.986452801337,-149.986452801337
"2","euclidean",11.6718191097509,11.6718191097509
"3","manhattan",64.156055685406,64.156055685406
"4","cosine",0.971338849777585,0.971338849777585
