"","method","proposed.assignment","QP.assignment"
"1","log.likelihood",-145.227761122387,-145.227761122387
"2","euclidean",10.8368412464517,10.8368412464517
"3","manhattan",66.3149605463317,66.3149605463317
"4","cosine",0.982491419920515,0.982491419920515
