"","method","proposed.assignment","QP.assignment"
"1","log.likelihood",-192.497362171698,-192.520894556443
"2","euclidean",19.6495591331857,19.4436796131595
"3","manhattan",136.198973289288,134.114982224216
"4","cosine",0.97684881158704,0.977560119937023
