"","method","proposed.assignment","QP.assignment"
"1","log.likelihood",-137.548638170592,-137.548638170592
"2","euclidean",14.1897242552229,14.1897242552229
"3","manhattan",83.323219828816,83.323219828816
"4","cosine",0.979567309047455,0.979567309047455
