"","method","proposed.assignment","QP.assignment"
"1","log.likelihood",-153.274364190041,-153.274364190041
"2","euclidean",17.2016576104908,17.2016576104908
"3","manhattan",91.9706851273686,91.9706851273686
"4","cosine",0.979624192493125,0.979624192493125
