"","method","proposed.assignment","QP.assignment"
"1","log.likelihood",-154.782229661016,-154.782229661016
"2","euclidean",13.9789484899012,13.9789484899012
"3","manhattan",85.2035570731186,85.2035570731186
"4","cosine",0.979447604661049,0.979447604661049
