"","method","proposed.assignment","QP.assignment"
"1","log.likelihood",-232.706628516769,-232.706628516769
"2","euclidean",47.6975699949659,47.6975699949659
"3","manhattan",253.844426857633,253.844426857633
"4","cosine",0.906845996145587,0.906845996145587
