"","method","proposed.assignment","QP.assignment"
"1","log.likelihood",-231.011292689161,-231.215795656905
"2","euclidean",22.7580389552743,20.8188703339738
"3","manhattan",134.912275278063,133.799539851792
"4","cosine",0.974549230654746,0.978896364948764
