"","method","proposed.assignment","QP.assignment"
"1","log.likelihood",-167.825050662372,-167.825050662372
"2","euclidean",8.81722847402292,8.81722847402292
"3","manhattan",49.2288775318301,49.2288775318301
"4","cosine",0.993933096917825,0.993933096917825
