"","method","proposed.assignment","QP.assignment"
"1","log.likelihood",-200.10011396096,-200.936855025581
"2","euclidean",28.2693875693892,21.8953213785177
"3","manhattan",144.385009531216,122.76620430024
"4","cosine",0.981380079822203,0.989945526822511
