"","method","proposed.assignment","QP.assignment"
"1","log.likelihood",-141.895322748562,-141.895322748562
"2","euclidean",25.4679543221615,25.4679543221615
"3","manhattan",131.894732602767,131.894732602767
"4","cosine",0.867441372115533,0.867441372115533
