"","method","proposed.assignment","QP.assignment"
"1","log.likelihood",-298.725332035186,-299.277502785107
"2","euclidean",49.7387803663277,41.9803784582414
"3","manhattan",282.062775604364,256.601326110012
"4","cosine",0.995472163204913,0.996296663696937
