"","method","proposed.assignment","QP.assignment"
"1","log.likelihood",-242.450872059732,-243.624293110122
"2","euclidean",44.1082452128435,31.1684969363518
"3","manhattan",224.299899625392,187.508874150323
"4","cosine",0.977143240890097,0.989759616607602
