"","method","proposed.assignment","QP.assignment"
"1","log.likelihood",-165.252296794063,-165.252296794063
"2","euclidean",22.4459567173987,22.4459567173987
"3","manhattan",126.865449111209,126.865449111209
"4","cosine",0.980235796634363,0.980235796634363
