"","method","proposed.assignment","QP.assignment"
"1","log.likelihood",-154.412181062846,-154.412181062846
"2","euclidean",16.0149650752554,16.0149650752554
"3","manhattan",97.3188293087569,97.3188293087569
"4","cosine",0.965858631480249,0.965858631480249
