"","method","proposed.assignment","QP.assignment"
"1","log.likelihood",-148.662002840512,-148.662002840512
"2","euclidean",12.7586672847385,12.7586672847385
"3","manhattan",86.1273538336803,86.1273538336803
"4","cosine",0.975905591950167,0.975905591950167
