"","method","proposed.assignment","QP.assignment"
"1","log.likelihood",-223.86776650268,-223.86776650268
"2","euclidean",39.9181945521411,39.9181945521411
"3","manhattan",207.068969000345,207.068969000345
"4","cosine",0.920451459860149,0.920451459860149
