"","method","proposed.assignment","QP.assignment"
"1","log.likelihood",-203.202637059935,-203.202637059935
"2","euclidean",68.5344936147041,68.5344936147041
"3","manhattan",312.723375677482,312.723375677482
"4","cosine",0.886690810823665,0.886690810823665
