"","method","proposed.assignment","QP.assignment"
"1","log.likelihood",-316.385054846108,-316.386099566586
"2","euclidean",51.4841200761351,51.4748174349723
"3","manhattan",296.834656604702,296.909419558809
"4","cosine",0.990752331550759,0.990747751038726
