"","method","proposed.assignment","QP.assignment"
"1","log.likelihood",-248.097139356946,-248.097139356946
"2","euclidean",77.470983093161,77.470983093161
"3","manhattan",328.466646764258,328.466646764258
"4","cosine",0.81287249466873,0.81287249466873
