"","method","proposed.assignment","QP.assignment"
"1","log.likelihood",-266.967524931063,-266.979872436026
"2","euclidean",26.0236110400897,25.8194948265329
"3","manhattan",153.046624233187,151.595222007254
"4","cosine",0.986775499131598,0.987059100676852
