"","method","proposed.assignment","QP.assignment"
"1","log.likelihood",-201.846255550992,-201.846255550992
"2","euclidean",17.0179120506306,17.0179120506306
"3","manhattan",123.548779859818,123.548779859818
"4","cosine",0.985391513196917,0.985391513196917
