"","method","proposed.assignment","QP.assignment"
"1","log.likelihood",-133.020267868237,-133.020267868237
"2","euclidean",10.5321964343831,10.5321964343831
"3","manhattan",49.5043751767315,49.5043751767315
"4","cosine",0.978368577867827,0.978368577867827
