"","method","proposed.assignment","QP.assignment"
"1","log.likelihood",-256.727335437721,-256.798447375008
"2","euclidean",31.2145175628986,30.0456169046504
"3","manhattan",193.869969762311,188.539035575991
"4","cosine",0.992338454651339,0.992628402318739
