"","method","proposed.assignment","QP.assignment"
"1","log.likelihood",-152.59168168219,-152.59168168219
"2","euclidean",16.1055928045514,16.1055928045514
"3","manhattan",103.569103578462,103.569103578462
"4","cosine",0.965654101302224,0.965654101302224
