"","method","proposed.assignment","QP.assignment"
"1","log.likelihood",-156.878906451319,-156.878906451319
"2","euclidean",16.0734941208549,16.0734941208549
"3","manhattan",106.017530651452,106.017530651452
"4","cosine",0.965511411930268,0.965511411930268
