"","method","proposed.assignment","QP.assignment"
"1","log.likelihood",-189.829586047852,-189.829586047852
"2","euclidean",57.2378060773156,57.2378060773156
"3","manhattan",212.229626476193,212.229626476193
"4","cosine",0.893333062518678,0.893333062518678
