"","method","proposed.assignment","QP.assignment"
"1","log.likelihood",-150.72421455648,-150.72421455648
"2","euclidean",17.4714838830252,17.4714838830252
"3","manhattan",109.898315190947,109.898315190947
"4","cosine",0.956570269966342,0.956570269966342
