"","method","proposed.assignment","QP.assignment"
"1","log.likelihood",-169.343437315247,-169.343437315247
"2","euclidean",20.0827738004619,20.0827738004619
"3","manhattan",112.374250538811,112.374250538811
"4","cosine",0.949486549230679,0.949486549230679
